Property Type,Area,Region,Complex Name,Year,Home Type,Price
2-комнатная квартира,67.85 м²,"Астана, Нура р-н",Атмосфера 2,2024,монолитный,29514750
2-комнатная квартира,62.94 м²,"Астана, Нура р-н",West Side,2024,монолитный,25176000
2-комнатная квартира,76.18 м²,"Астана, Нура р-н",GreenLine.Flora,2024,монолитный,42508440
2-комнатная квартира,62.43 м²,"Астана, Нура р-н",EcoPark,2024,монолитный,28405650
2-комнатная квартира,56.31 м²,"Астана, Нура р-н",Arena Garden,2024,монолитный,22186140
2-комнатная квартира,47.36 м²,"Астана, Нура р-н",GreenLine.Atmosfera,2024,монолитный,23411730
2-комнатная квартира,41.41 м²,"Астана, Нура р-н",ONAI,2024,монолитный,20994870
2-комнатная квартира,42.56 м²,"Астана, Нура р-н",Arena Garden,2024,монолитный,18513600
2-комнатная квартира,55.44 м²,"Астана, Нура р-н",Sezim Qala.Baqyt Towers,2024,монолитный,22065120
2-комнатная квартира,73.47 м²,"Астана, Нура р-н",Evolution,2024,монолитный,45551400
2-комнатная квартира,49.85 м²,"Астана, Нура р-н",EcoPark,2024,монолитный,21684750
2-комнатная квартира,40.38 м²,"Астана, Нура р-н",Arena Garden,2024,монолитный,19927530
2-комнатная квартира,59.51 м²,"Астана, Нура р-н",Sezim Qala.Baqyt Towers,2024,монолитный,22851840
2-комнатная квартира,59.72 м²,"Астана, Нура р-н",ONAI,2024,монолитный,24903240
2-комнатная квартира,59.6 м²,"Астана, Нура р-н",Arena Towers,2024,монолитный,32660800
2-комнатная квартира,70.44 м²,"Астана, Нура р-н",GreenLine.Viva,2024,монолитный,31486680
2-комнатная квартира,60.45 м²,"Астана, Нура р-н",Sezim Qala.Baqyt Towers,2024,монолитный,23212800
2-комнатная квартира,64.91 м²,"Астана, Нура р-н",Атмосфера 2,2024,монолитный,28235850
2-комнатная квартира,49.59 м²,"Астана, Нура р-н",Sultan Beibarys,2024,монолитный,19315305
2-комнатная квартира,61.49 м²,"Астана, Нура р-н",West Side,2024,монолитный,24596000
2-комнатная квартира,77.37 м²,"Астана, Нура р-н",GreenLine.Flora,2024,монолитный,43017720
2-комнатная квартира,61.89 м²,"Астана, Нура р-н",Атмосфера 2,2024,монолитный,26922150
2-комнатная квартира,71.54 м²,"Астана, Нура р-н",Tumar Club,2024,монолитный,33301870
2-комнатная квартира,51.81 м²,"Астана, Нура р-н",GreenLine.Viva,2024,монолитный,26008620
2-комнатная квартира,47.74 м²,"Астана, Нура р-н",Arena Towers,2024,монолитный,23010680
2-комнатная квартира,59.62 м²,"Астана, Нура р-н",EcoPark,2024,монолитный,27127100
2-комнатная квартира,59.49 м²,"Астана, Нура р-н",ONAI,2024,монолитный,23320080
2-комнатная квартира,51.71 м²,"Астана, Нура р-н",West Side,2024,монолитный,20684000
2-комнатная квартира,49.8 м²,"Астана, Нура р-н",Arena Towers,2024,монолитный,27190800
2-комнатная квартира,52.13 м²,"Астана, Нура р-н",EcoPark,2024,монолитный,22676550
2-комнатная квартира,70.85 м²,"Астана, Нура р-н",Evolution,2024,монолитный,43927000
2-комнатная квартира,49.44 м²,"Астана, Нура р-н",GreenLine.Flora,2024,монолитный,29565120
2-комнатная квартира,67 м²,"Астана, Нура р-н",Tumar Club,2024,монолитный,28642500
2-комнатная квартира,49.09 м²,"Астана, Нура р-н",GreenLine.Atmosfera,2024,монолитный,24741360
2-комнатная квартира,50.26 м²,"Астана, Нура р-н",GreenLine.Viva,2024,монолитный,23974020
2-комнатная квартира,75.55 м²,"Астана, Нура р-н",Evolution,2024,монолитный,43063500
2-комнатная квартира,55.48 м²,"Астана, Нура р-н",Tumar Club,2024,монолитный,23717700
2-комнатная квартира,47.91 м²,"Астана, Нура р-н",EcoPark,2024,монолитный,20840850
2-комнатная квартира,61.73 м²,"Астана, Нура р-н",GreenLine.Viva,2024,монолитный,31605760
2-комнатная квартира,60.24 м²,"Астана, Нура р-н",West Side,2024,монолитный,24096000
2-комнатная квартира,56.22 м²,"Астана, Нура р-н",Arena Garden,2024,монолитный,22993980
2-комнатная квартира,63.87 м²,"Астана, Нура р-н",GreenLine.Viva,2024,монолитный,31998870
2-комнатная квартира,63.27 м²,"Астана, Нура р-н",ONAI,2024,монолитный,27332640
2-комнатная квартира,62.03 м²,"Астана, Нура р-н",Arena Towers,2024,монолитный,30270640
2-комнатная квартира,52.57 м²,"Астана, Нура р-н",ONAI,2024,монолитный,25759300
2-комнатная квартира,56.35 м²,"Астана, Нура р-н",Arena city,2024,монолитный,24343200
2-комнатная квартира,42.29 м²,"Астана, Нура р-н",GreenLine.Atmosfera,2024,монолитный,20848970
2-комнатная квартира,51.04 м²,"Астана, Нура р-н",Arena Garden,2024,монолитный,20364960
2-комнатная квартира,63.3 м²,"Астана, Нура р-н",EcoPark,2024,монолитный,28801500
2-комнатная квартира,62.99 м²,"Астана, Нура р-н",Атмосфера 2,2024,монолитный,27400650
2-комнатная квартира,45.65 м²,"Астана, Нура р-н",Arena Garden,2024,монолитный,20086000
2-комнатная квартира,47.79 м²,"Астана, Нура р-н",GreenLine.Viva,2024,монолитный,26141130
2-комнатная квартира,66.53 м²,"Астана, Нура р-н",Sultan Beibarys,2024,монолитный,25913435
2-комнатная квартира,48.64 м²,"Астана, Нура р-н",Arena city,2024,монолитный,22812160
2-комнатная квартира,55.56 м²,"Астана, Нура р-н",Tumar Club,2024,монолитный,23487990
2-комнатная квартира,78.6 м²,"Астана, Нура р-н",Evolution,2024,монолитный,44802000
2-комнатная квартира,56.16 м²,"Астана, Нура р-н",Arena city,2024,монолитный,22798930
2-комнатная квартира,48.63 м²,"Астана, Нура р-н",ONAI,2024,монолитный,23925960
2-комнатная квартира,58.78 м²,"Астана, Нура р-н",EcoPark,2024,монолитный,25569300
2-комнатная квартира,66.37 м²,"Астана, Нура р-н",Sultan Beibarys,2024,монолитный,25851115
2-комнатная квартира,75.34 м²,"Астана, Нура р-н",GreenLine.Flora,2024,монолитный,42000000
2-комнатная квартира,73.79 м²,"Астана, Нура р-н",Arena city,2024,монолитный,30253900
2-комнатная квартира,57.88 м²,"Астана, Нура р-н",Arena Garden,2024,монолитный,23209880
2-комнатная квартира,66.16 м²,"Астана, Нура р-н",GreenLine.Flora,2024,монолитный,37645040
2-комнатная квартира,41.3 м²,"Астана, Нура р-н",ONAI,2024,монолитный,20939100
2-комнатная квартира,55.5 м²,"Астана, Нура р-н",Altyn Besik,2024,монолитный,19980000
3-комнатная квартира,101.03 м²,"Астана, Нура р-н",Evolution,2024,монолитный,55566500
1-комнатная квартира,41.29 м²,"Астана, Нура р-н",Delta,2024,монолитный,15400000
1-комнатная квартира,44.31 м²,"Астана, Нура р-н",GreenLine.Viva,2024,монолитный,24503430
1-комнатная квартира,39.94 м²,"Астана, Нура р-н",Sezim Qala.Baqyt Towers,2024,монолитный,18092820
3-комнатная квартира,67.15 м²,"Астана, Нура р-н",Arena city,2024,монолитный,25584150
3-комнатная квартира,118.67 м²,"Астана, Нура р-н",GreenLine.Headliner Exclusive,2024,монолитный,74406090
3-комнатная квартира,88.4 м²,"Астана, Нура р-н",GreenLine.Viva,2024,монолитный,42432000
1-комнатная квартира,38.49 м²,"Астана, Нура р-н",Arena Towers,2024,монолитный,20207250
3-комнатная квартира,84.75 м²,"Астана, Нура р-н",ONAI,2024,монолитный,32544000
4-комнатная квартира,133.44 м²,"Астана, Нура р-н",GreenLine.Atmosfera,2024,монолитный,57779520
4-комнатная квартира,149.14 м²,"Астана, Нура р-н",GreenLine.Flora,2024,монолитный,102906600
3-комнатная квартира,58.29 м²,"Астана, Нура р-н",Arena city,2024,монолитный,22499940
1-комнатная квартира,38.34 м²,"Астана, Нура р-н",Delta,2024,монолитный,14300000
1-комнатная квартира,41.9 м²,"Астана, Нура р-н",Атмосфера 2,2024,монолитный,19064500
1-комнатная квартира,48.34 м²,"Астана, Нура р-н",West Side,2024,монолитный,19819400
4-комнатная квартира,116.84 м²,"Астана, Нура р-н",GreenLine.Viva,2024,монолитный,62859920
4-комнатная квартира,127.96 м²,"Астана, Нура р-н",Sultan Beibarys,2024,монолитный,48624800
1-комнатная квартира,42.01 м²,"Астана, Нура р-н",GreenLine.Headliner Exclusive,2024,монолитный,28272730
3-комнатная квартира,107.27 м²,"Астана, Нура р-н",GreenLine.Atmosfera,2024,монолитный,48271500
3-комнатная квартира,107.66 м²,"Астана, Нура р-н",GreenLine.Flora,2024,монолитный,56521500
3-комнатная квартира,86.09 м²,"Астана, Нура р-н",EcoPark,2024,монолитный,35296900
3-комнатная квартира,110.36 м²,"Астана, Нура р-н",Tumar Club,2024,монолитный,46130480
3-комнатная квартира,99.88 м²,"Астана, Нура р-н",Evolution,2024,монолитный,54934000
3-комнатная квартира,107.47 м²,"Астана, Нура р-н",EcoPark,2024,монолитный,46212100
1-комнатная квартира,48.2 м²,"Астана, Нура р-н",Arena city,2024,монолитный,21159800
3-комнатная квартира,98.39 м²,"Астана, Нура р-н",GreenLine.Atmosfera,2024,монолитный,46144910
1-комнатная квартира,31.71 м²,"Астана, Нура р-н",Arena Garden,2024,монолитный,16219665
4-комнатная квартира,132.84 м²,"Астана, Нура р-н",GreenLine.Headliner Exclusive,2024,монолитный,81962280
1-комнатная квартира,43.24 м²,"Астана, Нура р-н",Sultan Beibarys,2024,монолитный,17047370
1-комнатная квартира,47.09 м²,"Астана, Нура р-н",Arena city,2024,монолитный,21143410
1-комнатная квартира,41.71 м²,"Астана, Нура р-н",Атмосфера 2,2024,монолитный,18978050
1-комнатная квартира,36.89 м²,"Астана, Нура р-н",Arena Garden,2024,монолитный,14719110
4-комнатная квартира,130.07 м²,"Астана, Нура р-н",GreenLine.Headliner Exclusive,2024,монолитный,79212630
3-комнатная квартира,74.46 м²,"Астана, Нура р-н",GreenLine.Atmosfera,2024,монолитный,41325300
3-комнатная квартира,99.04 м²,"Астана, Нура р-н",Evolution,2024,монолитный,54472000
1-комнатная квартира,44.96 м²,"Астана, Нура р-н",West Side,2024,монолитный,18433600
4-комнатная квартира,88.33 м²,"Астана, Нура р-н",Arena city,2024,монолитный,34183710
1-комнатная квартира,31.84 м²,"Астана, Нура р-н",Arena Towers,2024,монолитный,17639360
1-комнатная квартира,42.22 м²,"Астана, Нура р-н",ONAI,2024,монолитный,19083440
3-комнатная квартира,71.23 м²,"Астана, Нура р-н",Arena Garden,2024,монолитный,25714030
3-комнатная квартира,112.05 м²,"Астана, Нура р-н",GreenLine.Headliner Exclusive,2024,монолитный,70143300
1-комнатная квартира,41.25 м²,"Астана, Нура р-н",Sultan Beibarys,2024,монолитный,15949312
1-комнатная квартира,41.45 м²,"Астана, Нура р-н",West Side,2024,монолитный,16994500
1-комнатная квартира,38.53 м²,"Астана, Нура р-н",Атмосфера 2,2024,монолитный,17531150
1-комнатная квартира,39.68 м²,"Астана, Нура р-н",Атмосфера 2,2024,монолитный,18054400
4-комнатная квартира,125 м²,"Астана, Нура р-н",Evolution,2024,монолитный,67500000
4-комнатная квартира,116.26 м²,"Астана, Нура р-н",Delta,2024,монолитный,40100000
3-комнатная квартира,84.76 м²,"Астана, Нура р-н",West Side,2024,монолитный,33056400
4-комнатная квартира,130.64 м²,"Астана, Нура р-н",Sultan Beibarys,2024,монолитный,49643200
4-комнатная квартира,119.38 м²,"Астана, Нура р-н",Атмосфера 2,2024,монолитный,45961300
5-комнатная квартира,172.59 м²,"Астана, Нура р-н",GreenLine.Flora,2024,монолитный,96477810
4-комнатная квартира,136.77 м²,"Астана, Нура р-н",GreenLine.Headliner Exclusive,2024,монолитный,82062000
1-комнатная квартира,42.81 м²,"Астана, Нура р-н",Sezim Qala.Baqyt Towers,2024,монолитный,19221690
4-комнатная квартира,146.87 м²,"Астана, Нура р-н",GreenLine.Flora,2024,монолитный,102074650
3-комнатная квартира,75.11 м²,"Астана, Нура р-н",Arena city,2024,монолитный,27865810
1-комнатная квартира,43.51 м²,"Астана, Нура р-н",GreenLine.Atmosfera,2024,монолитный,21667980
3-комнатная квартира,99.05 м²,"Астана, Нура р-н",Evolution,2024,монолитный,54477500
3-комнатная квартира,80.11 м²,"Астана, Нура р-н",Sultan Beibarys,2024,монолитный,30822322
1-комнатная квартира,38.11 м²,"Астана, Нура р-н",Delta,2024,монолитный,14400000
1-комнатная квартира,42.84 м²,"Астана, Нура р-н",GreenLine.Atmosfera,2024,монолитный,21120120
3-комнатная квартира,78.27 м²,"Астана, Нура р-н",Sultan Beibarys,2024,монолитный,30114382
3-комнатная квартира,107.32 м²,"Астана, Нура р-н",GreenLine.Flora,2024,монолитный,58704040
3-комнатная квартира,62.85 м²,"Астана, Нура р-н",ONAI,2024,монолитный,25202850
3-комнатная квартира,80.2 м²,"Астана, Нура р-н",Sezim Qala.Baqyt Towers,2024,монолитный,30796800
1-комнатная квартира,48.26 м²,"Астана, Нура р-н",West Side,2024,монолитный,19786600
3-комнатная квартира,81.58 м²,"Астана, Нура р-н",GreenLine.Flora,2024,монолитный,43482140
1-комнатная квартира,41.54 м²,"Астана, Нура р-н",Tumar Club,2024,монолитный,20915390
3-комнатная квартира,98.92 м²,"Астана, Нура р-н",Honnete,2024,монолитный,42500000
5-комнатная квартира,186 м²,"Астана, Нура р-н",RAUDA,2024,монолитный,111600000
3-комнатная квартира,107.9 м²,"Астана, Нура р-н",GreenLine.Atmosfera,2024,монолитный,48770800
3-комнатная квартира,90.54 м²,"Астана, Нура р-н",Delta,2024,монолитный,28900000
4-комнатная квартира,137.8 м²,"Астана, Нура р-н",GreenLine.Tokyo,2024,монолитный,84000000
3-комнатная квартира,70.04 м²,"Астана, Нура р-н",Arena Garden,2024,монолитный,25564600
4-комнатная квартира,110.95 м²,"Астана, Нура р-н",GreenLine.Atmosfera,2024,монолитный,47930400
3-комнатная квартира,76.53 м²,"Астана, Нура р-н",Arena Towers,2024,монолитный,33596670
1-комнатная квартира,45.42 м²,"Астана, Нура р-н",Delta,2024,монолитный,16351200
1-комнатная квартира,39.92 м²,"Астана, Нура р-н",EcoPark,2024,монолитный,18163600
3-комнатная квартира,72.2 м²,"Астана, Нура р-н",Altyn Besik,2024,монолитный,25992000
3-комнатная квартира,81.06 м²,"Астана, Нура р-н",Arena city,2024,монолитный,29667960
3-комнатная квартира,109.59 м²,"Астана, Нура р-н",GreenLine.Headliner Exclusive,2024,монолитный,69370470
3-комнатная квартира,103.01 м²,"Астана, Нура р-н",GreenLine.Headliner Exclusive,2024,монолитный,64381250
3-комнатная квартира,109.6 м²,"Астана, Нура р-н",GreenLine.Headliner Exclusive,2024,монолитный,66595000
3-комнатная квартира,76.96 м²,"Астана, Есильский р-н",GreenLine.Tokyo,2024,монолитный,41173600
3-комнатная квартира,111.27 м²,"Астана, Есильский р-н",Prime,2024,монолитный,60085800
3-комнатная квартира,109.87 м²,"Астана, Есильский р-н",Dara Residence,2024,монолитный,96685600
4-комнатная квартира,99.09 м²,"Астана, Есильский р-н",Assyl Tau,2024,монолитный,43599600
5-комнатная квартира,200.01 м²,"Астана, Есильский р-н",Triumph Exclusive,2024,монолитный,150007500
4-комнатная квартира,140.02 м²,"Астана, Есильский р-н",Amal',2024,монолитный,51807400
1-комнатная квартира,31.44 м²,"Астана, Есильский р-н",Jetisu.Kerbez,2024,монолитный,13362000
3-комнатная квартира,91 м²,"Астана, Есильский р-н",BUQAR JYRAU EXCLUSIVE,2024,монолитный,54159053
1-комнатная квартира,38.94 м²,"Астана, Есильский р-н",Dastur,2024,монолитный,16361967
4-комнатная квартира,120.98 м²,"Астана, Есильский р-н",Capital Park. Flowers,2024,монолитный,66418020
4-комнатная квартира,129.64 м²,"Астана, Есильский р-н",MoD.Comfort,2024,монолитный,55485920
3-комнатная квартира,111.12 м²,"Астана, Есильский р-н",Nexpo Union,2024,монолитный,62782800
4-комнатная квартира,124.27 м²,"Астана, Есильский р-н",Capital Park. Light,2024,монолитный,72573680
3-комнатная квартира,102.6 м²,"Астана, Есильский р-н",BUQAR JYRAU EXCLUSIVE,2024,монолитный,52481140
1-комнатная квартира,40.91 м²,"Астана, Есильский р-н",Arai Towers,2024,монолитный,18818600
1-комнатная квартира,39.08 м²,"Астана, Есильский р-н",AIQYN,2024,монолитный,21103200
4-комнатная квартира,132.78 м²,"Астана, Есильский р-н",Talmas,2024,монолитный,72365100
3-комнатная квартира,101.7 м²,"Астана, Есильский р-н",Prime,2024,монолитный,54612900
1-комнатная квартира,43.68 м²,"Астана, Есильский р-н",Dastur,2024,монолитный,18332452
1-комнатная квартира,46.1 м²,"Астана, Есильский р-н",Arai Towers,2024,монолитный,21206000
3-комнатная квартира,73.75 м²,"Астана, Есильский р-н",Jetisu.Kerbez,2024,монолитный,28688750
3-комнатная квартира,71.65 м²,"Астана, Есильский р-н",Tumar Residence,2024,монолитный,30979357
1-комнатная квартира,37.11 м²,"Астана, Есильский р-н",Grand Turan,2024,монолитный,21969120
3-комнатная квартира,99.13 м²,"Астана, Есильский р-н",MoD.Comfort,2024,монолитный,42625900
3-комнатная квартира,80.11 м²,"Астана, Есильский р-н",Nexpo Union,2024,монолитный,51590840
3-комнатная квартира,74.71 м²,"Астана, Есильский р-н",Capital Park. Light,2024,монолитный,42435280
3-комнатная квартира,117.81 м²,"Астана, Есильский р-н",Zangar,2024,монолитный,61850250
4-комнатная квартира,110.3 м²,"Астана, Есильский р-н",Talmas,2024,монолитный,62319500
3-комнатная квартира,107.31 м²,"Астана, Есильский р-н",Dara Residence,2024,монолитный,95505900
4-комнатная квартира,173.86 м²,"Астана, Есильский р-н",Triumph Exclusive,2024,монолитный,130395000
1-комнатная квартира,44 м²,"Астана, Есильский р-н",BUQAR JYRAU EXCLUSIVE,2024,монолитный,26922864
4-комнатная квартира,140 м²,"Астана, Есильский р-н",Amal',2024,монолитный,51800000
1-комнатная квартира,53.78 м²,"Астана, Есильский р-н",Zangar,2024,монолитный,29310100
3-комнатная квартира,107.51 м²,"Астана, Есильский р-н",Talmas,2024,монолитный,59130500
3-комнатная квартира,103.23 м²,"Астана, Есильский р-н",Arai Towers,2024,монолитный,43356600
3-комнатная квартира,115.14 м²,"Астана, Есильский р-н",Arai Towers,2024,монолитный,51813000
1-комнатная квартира,43.26 м²,"Астана, Есильский р-н",AIQYN,2024,монолитный,23360400
4-комнатная квартира,114.93 м²,"Астана, Есильский р-н",Talmas,2024,монолитный,59763600
3-комнатная квартира,79.69 м²,"Астана, Есильский р-н",Dara Residence,2024,монолитный,71721000
1-комнатная квартира,47.37 м²,"Астана, Есильский р-н",Capital Park. Flowers,2024,монолитный,28848330
3-комнатная квартира,89.54 м²,"Астана, Есильский р-н",Dastur,2024,монолитный,33778432
1-комнатная квартира,43.21 м²,"Астана, Есильский р-н",Capital Park. Flowers,2024,монолитный,22814880
4-комнатная квартира,120.57 м²,"Астана, Есильский р-н",AIQYN,2024,монолитный,62696400
3-комнатная квартира,94.23 м²,"Астана, Есильский р-н",Talmas,2024,монолитный,48999600
4-комнатная квартира,171.17 м²,"Астана, Есильский р-н",Dara Residence,2024,монолитный,150629600
1-комнатная квартира,43.6 м²,"Астана, Есильский р-н",Aiva,2024,монолитный,18748000
1-комнатная квартира,43.13 м²,"Астана, Есильский р-н",GreenLine.Tokyo,2024,монолитный,26136780
3-комнатная квартира,96.65 м²,"Астана, Есильский р-н",Grand Turan,2024,монолитный,45038900
1-комнатная квартира,50.96 м²,"Астана, Есильский р-н",Capital Park. Light,2024,монолитный,29047200
1-комнатная квартира,43.63 м²,"Астана, Есильский р-н",Nexpo Union,2024,монолитный,28621280
4-комнатная квартира,132.18 м²,"Астана, Есильский р-н",Prime,2024,монолитный,81951600
1-комнатная квартира,43.74 м²,"Астана, Есильский р-н",Dastur,2024,монолитный,18357634
1-комнатная квартира,45.3 м²,"Астана, Есильский р-н",Aiva,2024,монолитный,18120000
3-комнатная квартира,87.18 м²,"Астана, Есильский р-н",AIQYN,2024,монолитный,46641300
3-комнатная квартира,91.97 м²,"Астана, Есильский р-н",Talmas,2024,монолитный,47364550
3-комнатная квартира,122.75 м²,"Астана, Есильский р-н",Dara Residence,2024,монолитный,109247500
4-комнатная квартира,138.03 м²,"Астана, Есильский р-н",GreenLine.Tokyo,2024,монолитный,71913630
3-комнатная квартира,94.27 м²,"Астана, Есильский р-н",Grand Turan,2024,монолитный,43647010
1-комнатная квартира,38.5 м²,"Астана, Есильский р-н",Tumar Residence,2024,монолитный,18287500
3-комнатная квартира,121.66 м²,"Астана, Есильский р-н",Dara Residence,2024,монолитный,107060800
3-комнатная квартира,91.23 м²,"Астана, Есильский р-н",Talmas,2024,монолитный,46527300
4-комнатная квартира,133.33 м²,"Астана, Есильский р-н",Tumar Residence,2024,монолитный,58265210
3-комнатная квартира,115.52 м²,"Астана, Есильский р-н",Prime,2024,монолитный,61687680
4-комнатная квартира,126.94 м²,"Астана, Есильский р-н",Capital Park. Light,2024,монолитный,69309240
3-комнатная квартира,93.6 м²,"Астана, Есильский р-н",Nexpo Union,2024,монолитный,60512400
3-комнатная квартира,94.43 м²,"Астана, Есильский р-н",Capital Park. Flowers,2024,монолитный,52975230
3-комнатная квартира,72.37 м²,"Астана, Есильский р-н",Tumar Residence,2024,монолитный,30638925
1-комнатная квартира,47.66 м²,"Астана, Есильский р-н",AIQYN,2024,монолитный,25736400
3-комнатная квартира,102.73 м²,"Астана, Есильский р-н",Capital Park. Light,2024,монолитный,59377940
1-комнатная квартира,41.6 м²,"Астана, Есильский р-н",Dastur,2024,монолитный,17033078
3-комнатная квартира,82.11 м²,"Астана, Есильский р-н",Nexpo Union,2024,монолитный,49019670
3-комнатная квартира,105.56 м²,"Астана, Есильский р-н",Capital Park. Light,2024,монолитный,54891200
1-комнатная квартира,37.88 м²,"Астана, Есильский р-н",MoD.Comfort,2024,монолитный,18599080
3-комнатная квартира,74.55 м²,"Астана, Есильский р-н",Jetisu.Kerbez,2024,монолитный,28999950
3-комнатная квартира,105.91 м²,"Астана, Есильский р-н",Prime,2024,монолитный,56026390
1-комнатная квартира,50.51 м²,"Астана, Есильский р-н",MoD.Comfort,2024,монолитный,20911140
3-комнатная квартира,103.93 м²,"Астана, Есильский р-н",Prime,2024,монолитный,54875040
3-комнатная квартира,85.57 м²,"Астана, Есильский р-н",Talmas,2024,монолитный,44496400
4-комнатная квартира,167.75 м²,"Астана, Есильский р-н",Dara Residence,2024,монолитный,152652500
1-комнатная квартира,52.73 м²,"Астана, Есильский р-н",Arai Towers,2024,монолитный,22673900
4-комнатная квартира,121.32 м²,"Астана, Есильский р-н",AIQYN,2024,монолитный,63086400
1-комнатная квартира,44.18 м²,"Астана, Есильский р-н",Arai Towers,2024,монолитный,21206400
4-комнатная квартира,105.91 м²,"Астана, Есильский р-н",MoD.Comfort,2024,монолитный,42681730
2-комнатная квартира,56.34 м²,"Астана, Есильский р-н",Dastur,2024,монолитный,22463550
2-комнатная квартира,62.48 м²,"Астана, Есильский р-н",Capital Park. Flowers,2024,монолитный,29615520
2-комнатная квартира,64.55 м²,"Астана, Есильский р-н",Nexpo Union,2024,монолитный,43054850
2-комнатная квартира,73.91 м²,"Астана, Есильский р-н",Capital Park. Light,2024,монолитный,40354860
2-комнатная квартира,43.8 м²,"Астана, Есильский р-н",Aiva,2024,монолитный,17520000
2-комнатная квартира,46.68 м²,"Астана, Есильский р-н",MoD.Comfort,2024,монолитный,23573400
2-комнатная квартира,66.99 м²,"Астана, Есильский р-н",Arai Towers,2024,монолитный,29475600
2-комнатная квартира,64.25 м²,"Астана, Есильский р-н",AIQYN,2024,монолитный,35337500
2-комнатная квартира,60.42 м²,"Астана, Есильский р-н",Talmas,2024,монолитный,31720500
2-комнатная квартира,68 м²,"Астана, Есильский р-н",BUQAR JYRAU EXCLUSIVE,2024,монолитный,43314341
2-комнатная квартира,65.78 м²,"Астана, Есильский р-н",Zangar,2024,монолитный,35521200
2-комнатная квартира,71.64 м²,"Астана, Есильский р-н",Prime,2024,монолитный,39402000
2-комнатная квартира,52.07 м²,"Астана, Есильский р-н",GreenLine.Tokyo,2024,монолитный,30721300
2-комнатная квартира,52.29 м²,"Астана, Есильский р-н",Jetisu.Kerbez,2024,монолитный,21595770
2-комнатная квартира,59.9 м²,"Астана, Есильский р-н",Dara Residence,2024,монолитный,53311000
2-комнатная квартира,76.67 м²,"Астана, Есильский р-н",Zangar,2024,монолитный,41401800
2-комнатная квартира,71.5 м²,"Астана, Есильский р-н",Aiva,2024,монолитный,30745000
2-комнатная квартира,57.82 м²,"Астана, Есильский р-н",Tumar Residence,2024,монолитный,27189855
2-комнатная квартира,59.6 м²,"Астана, Есильский р-н",GreenLine.Tokyo,2024,монолитный,35342800
2-комнатная квартира,65.87 м²,"Астана, Есильский р-н",Capital Park. Flowers,2024,монолитный,34252400
2-комнатная квартира,52.1 м²,"Астана, Есильский р-н",Aiva,2024,монолитный,20840000
2-комнатная квартира,61.8 м²,"Астана, Есильский р-н",AIQYN,2024,монолитный,32754000
2-комнатная квартира,54.86 м²,"Астана, Есильский р-н",Prime,2024,монолитный,30227860
2-комнатная квартира,50.1 м²,"Астана, Есильский р-н",Aiva,2024,монолитный,20040000
2-комнатная квартира,49.8 м²,"Астана, Есильский р-н",Aiva,2024,монолитный,19920000
2-комнатная квартира,73.48 м²,"Астана, Есильский р-н",Поколение,2024,монолитный,42471440
2-комнатная квартира,49.41 м²,"Астана, Есильский р-н",GreenLine.Tokyo,2024,монолитный,29744820
2-комнатная квартира,66.57 м²,"Астана, Есильский р-н",MoD.Comfort,2024,монолитный,32852295
2-комнатная квартира,50.75 м²,"Астана, Есильский р-н",Jetisu.Kerbez,2024,монолитный,18980500
2-комнатная квартира,66.06 м²,"Астана, Есильский р-н",Dastur,2024,монолитный,26339050
2-комнатная квартира,52.76 м²,"Астана, Есильский р-н",Nexpo Union,2024,монолитный,33133280
2-комнатная квартира,68.83 м²,"Астана, Есильский р-н",Capital Park. Light,2024,монолитный,40747360
2-комнатная квартира,56.86 м²,"Астана, Есильский р-н",MoD.Comfort,2024,монолитный,23767480
2-комнатная квартира,71.83 м²,"Астана, Есильский р-н",Arai Towers,2024,монолитный,30168600
2-комнатная квартира,66.15 м²,"Астана, Есильский р-н",Arai Towers,2024,монолитный,30429000
2-комнатная квартира,67.75 м²,"Астана, Есильский р-н",AIQYN,2024,монолитный,35907500
2-комнатная квартира,53.67 м²,"Астана, Есильский р-н",MoD.Comfort,2024,монолитный,22434060
2-комнатная квартира,44.95 м²,"Астана, Есильский р-н",Jetisu.Kerbez,2024,монолитный,18654250
2-комнатная квартира,62.41 м²,"Астана, Есильский р-н",GreenLine.Tokyo,2024,монолитный,41565060
2-комнатная квартира,78.9 м²,"Астана, Есильский р-н",Dara Residence,2024,монолитный,71799000
2-комнатная квартира,65.15 м²,"Астана, Есильский р-н",Capital Park. Flowers,2024,монолитный,33617400
2-комнатная квартира,53 м²,"Астана, Есильский р-н",Aiva,2024,монолитный,20670000
2-комнатная квартира,50.4 м²,"Астана, Есильский р-н",Aiva,2024,монолитный,19656000
2-комнатная квартира,52.94 м²,"Астана, Есильский р-н",Tumar Residence,2024,монолитный,22380385
2-комнатная квартира,53.58 м²,"Астана, Есильский р-н",GreenLine.Tokyo,2024,монолитный,32255160
2-комнатная квартира,48.82 м²,"Астана, Есильский р-н",Поколение,2024,монолитный,32416480
2-комнатная квартира,71.25 м²,"Астана, Есильский р-н",Talmas,2024,монолитный,36693750
2-комнатная квартира,71.8 м²,"Астана, Есильский р-н",Capital Park. Light,2024,монолитный,41428600
2-комнатная квартира,61.74 м²,"Астана, Есильский р-н",Talmas,2024,монолитный,31796100
3-комнатная квартира,72.71 м²,"Астана, Есильский р-н",MoD.Comfort,2024,монолитный,34828090
3-комнатная квартира,127.95 м²,"Астана, Есильский р-н",Prime,2024,монолитный,68581200
2-комнатная квартира,48.52 м²,"Астана, Есильский р-н",Capital Park. Light,2024,монолитный,31780600
3-комнатная квартира,70.77 м²,"Астана, Есильский р-н",MoD.Comfort,2024,монолитный,33580365
3-комнатная квартира,67.44 м²,"Астана, Есильский р-н",Jetisu.Kerbez,2024,монолитный,26571360
3-комнатная квартира,106.53 м²,"Астана, Есильский р-н",Talmas,2024,монолитный,54330300
3-комнатная квартира,92.82 м²,"Астана, Есильский р-н",AIQYN,2024,монолитный,48000000
3-комнатная квартира,113.29 м²,"Астана, Есильский р-н",GreenLine.Tokyo,2024,монолитный,59930410
3-комнатная квартира,99.92 м²,"Астана, Есильский р-н",GreenLine.Tokyo,2024,монолитный,54256560
2-комнатная квартира,63.41 м²,"Астана, Алматы р-н",Imran,2024,монолитный,20291200
2-комнатная квартира,65.94 м²,"Астана, Сарыарка р-н",Столичный 2,2024,монолитный,26040000
1-комнатная квартира,37.7 м²,"Астана, Сарыарка р-н",KHAN RESIDENCE,2024,монолитный,12252500
3-комнатная квартира,82.02 м²,"Астана, Алматы р-н",Sardar city,2024,монолитный,29527200
1-комнатная квартира,28.1 м²,"Астана, Сарыарка р-н",KHAN RESIDENCE,2024,монолитный,9132500
1-комнатная квартира,41.1 м²,"Астана, Сарыарка р-н",Столичный 2,2024,монолитный,16842000
2-комнатная квартира,52.76 м²,"Астана, Алматы р-н",Imran,2024,монолитный,16883200
2-комнатная квартира,60.31 м²,"Астана, Алматы р-н",Sardar city,2024,монолитный,19902300
2-комнатная квартира,51.56 м²,"Астана, Алматы р-н",Imran,2024,монолитный,16499200
2-комнатная квартира,64.1 м²,"Астана, Алматы р-н",Argymaq,2024,монолитный,29899445
1-комнатная квартира,40 м²,"Астана, Алматы р-н",Imran,2024,монолитный,13000000
2-комнатная квартира,50.1 м²,"Астана, Алматы р-н",Argymaq,2024,монолитный,21179775
3-комнатная квартира,79.05 м²,"Астана, Сарыарка р-н",Столичный 2,2024,монолитный,31120000
1-комнатная квартира,40.89 м²,"Астана, Алматы р-н",Sardar city,2024,монолитный,13902600
3-комнатная квартира,89.42 м²,"Астана, Алматы р-н",Imran,2024,монолитный,28614400
2-комнатная квартира,47.83 м²,"Астана, Алматы р-н",Sardar city,2024,монолитный,15783900
3-комнатная квартира,88.62 м²,"Астана, Алматы р-н",Imran,2024,монолитный,28358400
3-комнатная квартира,85.39 м²,"Астана, Алматы р-н",Imran,2024,монолитный,27324800
1-комнатная квартира,32.1 м²,"Астана, Сарыарка р-н",KHAN RESIDENCE,2024,монолитный,10432500
1-комнатная квартира,40.6 м²,"Астана, Алматы р-н",Argymaq,2024,монолитный,18320750
3-комнатная квартира,84.33 м²,"Астана, Алматы р-н",Imran,2024,монолитный,26985600
1-комнатная квартира,33.1 м²,"Астана, Алматы р-н",Atamura,2024,монолитный,11916000
3-комнатная квартира,91.5 м²,"Астана, Алматы р-н",Argymaq,2024,монолитный,38681625
2-комнатная квартира,67.24 м²,"Астана, Алматы р-н",Imran,2024,монолитный,21516800
2-комнатная квартира,50.6 м²,"Астана, Алматы р-н",Argymaq,2024,монолитный,21391150
2-комнатная квартира,61 м²,"Астана, Алматы р-н",Sardar city,2024,монолитный,20130000
2-комнатная квартира,63.5 м²,"Астана, Алматы р-н",Sardar city,2024,монолитный,20955000
1-комнатная квартира,38.2 м²,"Астана, Алматы р-н",Argymaq,2024,монолитный,18507900
3-комнатная квартира,79.05 м²,"Астана, Сарыарка р-н",Столичный 2,2024,монолитный,31620000
1-комнатная квартира,44.5 м²,"Астана, Нура р-н",Eva,2024,кирпичный,22250000
2-комнатная квартира,55.4 м²,"Астана, Есильский р-н",River City,2024,кирпичный,24930000
1-комнатная квартира,41.22 м²,"Астана, Алматы р-н",Yrys,2024,кирпичный,11541600
3-комнатная квартира,95.87 м²,"Астана, Есильский р-н",Aisar,2024,кирпичный,40553010
2-комнатная квартира,55.61 м²,"Астана, Нура р-н",Green Town,2024,кирпичный,26414750
2-комнатная квартира,63.61 м²,"Астана, Сарыарка р-н",Abai Joly,2024,кирпичный,26649410
1-комнатная квартира,41.38 м²,"Астана, Сарыарка р-н",Abai Joly,2024,кирпичный,19655500
1-комнатная квартира,42.19 м²,"Астана, Есильский р-н",Aisar,2024,кирпичный,21263760
1-комнатная квартира,38.39 м²,"Астана, Сарыарка р-н",Abai Joly,2024,кирпичный,18235250
3-комнатная квартира,75.85 м²,"Астана, Нура р-н",Green Town,2024,кирпичный,36028750
4-комнатная квартира,118.94 м²,"Астана, Нура р-н",Eva,2024,кирпичный,59470000
3-комнатная квартира,86.58 м²,"Астана, Алматы р-н",Yrys,2024,кирпичный,22510800
3-комнатная квартира,97.01 м²,"Астана, Есильский р-н",River City,2024,кирпичный,40744200
2-комнатная квартира,62.72 м²,"Астана, Нура р-н",Eva,2024,кирпичный,31360000
2-комнатная квартира,55.41 м²,"Астана, Нура р-н",Green Town,2024,кирпичный,22441050
3-комнатная квартира,85.99 м²,"Астана, Нура р-н",Eva,2024,кирпичный,42995000
2-комнатная квартира,51.43 м²,"Астана, Есильский р-н",Aisar,2024,кирпичный,25869290
4-комнатная квартира,110.62 м²,"Астана, Есильский р-н",River City,2024,кирпичный,55310000
2-комнатная квартира,71.2 м²,"Астана, Алматы р-н",Yrys,2024,кирпичный,19224000
2-комнатная квартира,66.7 м²,"Астана, Есильский р-н",AVIATOR ll,2024,кирпичный,19500000
2-комнатная квартира,58.69 м²,"Астана, Сарыарка р-н",Abai Joly,2024,кирпичный,25803645
1-комнатная квартира,36.04 м²,"Астана, Нура р-н",Green Town,2024,кирпичный,17119000
2-комнатная квартира,63.46 м²,"Астана, Алматы р-н",BURABAY-2,2024,кирпичный,20304000
2-комнатная квартира,74.56 м²,"Астана, Алматы р-н",Yrys,2024,кирпичный,20131200
2-комнатная квартира,60.12 м²,"Астана, Сарыарка р-н",Abai Joly,2024,кирпичный,25187274
1-комнатная квартира,44.06 м²,"Астана, Есильский р-н",Aisar,2024,кирпичный,20972560
2-комнатная квартира,61.52 м²,"Астана, Алматы р-н",Yrys,2024,кирпичный,16610400
2-комнатная квартира,62.05 м²,"Астана, Алматы р-н",BURABAY-2,2024,кирпичный,19856000
3-комнатная квартира,83.71 м²,"Астана, Нура р-н",Green Town,2024,кирпичный,33484000
2-комнатная квартира,54.07 м²,"Астана, Нура р-н",Eva,2024,кирпичный,27035000
1-комнатная квартира,44.01 м²,"Астана, Сарыарка р-н",Abai Joly,2024,кирпичный,19805160
1-комнатная квартира,42.37 м²,"Астана, Есильский р-н",Aisar,2024,кирпичный,19935085
1-комнатная квартира,29.75 м²,"Астана, Нура р-н",Астана,2024,кирпичный,6247500
2-комнатная квартира,59.71 м²,"Астана, Сарыарка р-н",Abai Joly,2024,кирпичный,25015505
2-комнатная квартира,58.3 м²,"Астана, Алматы р-н",Yrys,2024,кирпичный,15741000
2-комнатная квартира,59.57 м²,"Астана, Нура р-н",Eva,2024,кирпичный,29785000
3-комнатная квартира,90.6 м²,"Астана, Есильский р-н",Washington,2024,кирпичный,31500000
1-комнатная квартира,47.18 м²,"Астана, Алматы р-н",Yrys,2024,кирпичный,13210400
4-комнатная квартира,126.96 м²,"Астана, Есильский р-н",Aisar,2024,кирпичный,55481520
1-комнатная квартира,37.76 м²,"Астана, Сарыарка р-н",Abai Joly,2024,кирпичный,16601562
1-комнатная квартира,46.93 м²,"Астана, Алматы р-н",Yrys,2024,кирпичный,13140400
1-комнатная квартира,41.2 м²,"Астана, Нура р-н",Eva,2024,кирпичный,20600000
3-комнатная квартира,95.53 м²,"Астана, Сарыарка р-н",Abai Joly,2024,кирпичный,41837364
1-комнатная квартира,40.44 м²,"Астана, Сарыарка р-н",Abai Joly,2024,кирпичный,17779850
1-комнатная квартира,39.13 м²,"Астана, Нура р-н",Eva,2024,кирпичный,19565000
1-комнатная квартира,43.73 м²,"Астана, Алматы р-н",Yrys,2024,кирпичный,12244400
3-комнатная квартира,97.93 м²,"Астана, Есильский р-н",Aisar,2024,кирпичный,39074070
2-комнатная квартира,62 м²,"Астана, Есильский р-н",Zhana Alem,2024,кирпичный,38500000
2-комнатная квартира,64 м²,"Астана, Алматы р-н",Yrys,2024,кирпичный,17280000
3-комнатная квартира,86.96 м²,"Астана, Нура р-н",Green Town,2024,кирпичный,41306000
2-комнатная квартира,61.95 м²,"Астана, Нура р-н",Eva,2024,кирпичный,30975000
2-комнатная квартира,71.75 м²,"Астана, Есильский р-н",Aisar,2024,кирпичный,33005000
1-комнатная квартира,55.86 м²,"Астана, Алматы р-н",Yrys,2024,кирпичный,15640800
1-комнатная квартира,45.5 м²,"Астана, Нура р-н",Eva,2024,кирпичный,22750000
3-комнатная квартира,94.27 м²,"Астана, Сарыарка р-н",Abai Joly,2024,кирпичный,41285547
3-комнатная квартира,90.97 м²,"Астана, Сарыарка р-н",Abai Joly,2024,кирпичный,39840312
1-комнатная квартира,40.8 м²,"Астана, Нура р-н",Kolsai,2024,кирпичный,16990000
3-комнатная квартира,85 м²,"Астана, Сарыарка р-н",AUEN,2024,кирпичный,41000000
2-комнатная квартира,61.5 м²,"Астана, Алматы р-н",Geneva,2024,кирпичный,25600000
1-комнатная квартира,39.8 м²,"Астана, Есильский р-н",Alatau Park,2023,кирпичный,15300000
3-комнатная квартира,85.16 м²,"Астана, Алматы р-н",Молодежный,2023,кирпичный,31509200
1-комнатная квартира,36.38 м²,"Астана, Нура р-н",Астана,2023,кирпичный,7639800
1-комнатная квартира,42.56 м²,"Астана, Есильский р-н",Honnete,2023,кирпичный,20003200
2-комнатная квартира,64.8 м²,"Астана, Алматы р-н",Молодежный,2023,кирпичный,25920000
3-комнатная квартира,84 м²,"Астана, Есильский р-н",GreenLine.Ару Кала,2023,кирпичный,40000000
2-комнатная квартира,67.26 м²,"Астана, Алматы р-н",Молодежный,2023,кирпичный,24886200
3-комнатная квартира,99.52 м²,"Астана, Есильский р-н",Honnete,2023,кирпичный,38514240
2-комнатная квартира,60.4 м²,"Астана, Нура р-н",Астана,2023,кирпичный,17516000
2-комнатная квартира,73.85 м²,"Астана, Есильский р-н",Honnete,2023,кирпичный,32124750
2-комнатная квартира,74.97 м²,"Астана, Алматы р-н",Молодежный,2023,кирпичный,27738900
1-комнатная квартира,44.06 м²,"Астана, Есильский р-н",Honnete,2023,кирпичный,20708200
2-комнатная квартира,64.2 м²,"Астана, Алматы р-н",Молодежный,2023,кирпичный,23754000
2-комнатная квартира,64.35 м²,"Астана, Алматы р-н",Молодежный,2023,кирпичный,23809500
1-комнатная квартира,33.82 м²,"Астана, Нура р-н",Sezim Qala.Senim,2023,кирпичный,21000000
4-комнатная квартира,130.66 м²,"Астана, Есильский р-н",Honnete,2023,кирпичный,62716800
3-комнатная квартира,82.05 м²,"Астана, Алматы р-н",Молодежный,2023,кирпичный,30358500
3-комнатная квартира,98.92 м²,"Астана, Есильский р-н",Honnete,2023,кирпичный,41546400
2-комнатная квартира,42 м²,"Астана, Есильский р-н",Tandau,2023,кирпичный,27500000
2-комнатная квартира,61.14 м²,"Астана, Есильский р-н",Испанский дворик,2023,кирпичный,15896400
3-комнатная квартира,90 м²,"Астана, Нура р-н",Altyn Sapa,2023,кирпичный,60000000
2-комнатная квартира,74.38 м²,"Астана, Есильский р-н",Honnete,2023,кирпичный,30123900
1-комнатная квартира,40.01 м²,"Астана, Есильский р-н",Honnete,2023,кирпичный,18804700
1-комнатная квартира,35.24 м²,"Астана, Есильский р-н",Испанский дворик,2023,кирпичный,9162400
2-комнатная квартира,53.5 м²,"Астана, Есильский р-н",Zhana Alem,2023,кирпичный,30500000
2-комнатная квартира,61.5 м²,"Астана, Есильский р-н",Люксембург,2023,кирпичный,36500000
1-комнатная квартира,37 м²,"Астана, Нура р-н",Tengri,2023,кирпичный,19700000
2-комнатная квартира,70 м²,"Астана, Алматы р-н",RAIYMBEK,2023,кирпичный,33000000
1-комнатная квартира,45 м²,"Астана, Сарыарка р-н",Акан Серы,2023,кирпичный,18000000
1-комнатная квартира,49 м²,"Астана, Есильский р-н",Family Park,2023,кирпичный,20000000
1-комнатная квартира,22.8 м²,"Астана, Алматы р-н","Баскару 2, 3, 4, 5",2023,кирпичный,12300000
1-комнатная квартира,39 м²,"Астана, Сарыарка р-н",Rio de Janeiro 3,2023,кирпичный,13200000
1-комнатная квартира,45.66 м²,"Астана, Нура р-н",Four Seasons,2023,монолитный,29700000
2-комнатная квартира,66.2 м²,"Астана, Нура р-н",Respublika,2023,монолитный,34000000
2-комнатная квартира,58.94 м²,"Астана, Нура р-н",SHYNGYS,2023,монолитный,21349000
2-комнатная квартира,56.1 м²,"Астана, Нура р-н",SHYNGYS,2023,монолитный,20609000
3-комнатная квартира,87.2 м²,"Астана, Нура р-н",Respublika,2023,монолитный,32300000
3-комнатная квартира,90.83 м²,"Астана, Нура р-н",Four Seasons,2023,монолитный,53100000
2-комнатная квартира,76 м²,"Астана, Нура р-н",Four Seasons,2023,монолитный,65500000
2-комнатная квартира,64.92 м²,"Астана, Нура р-н",Four Seasons,2023,монолитный,39900000
2-комнатная квартира,73.09 м²,"Астана, Нура р-н",SHYNGYS,2023,монолитный,24850000
2-комнатная квартира,67.79 м²,"Астана, Нура р-н",Four Seasons,2023,монолитный,41700000
1-комнатная квартира,45.9 м²,"Астана, Нура р-н",Four Seasons,2023,монолитный,29800000
1-комнатная квартира,42.3 м²,"Астана, Нура р-н",Respublika,2023,монолитный,17300000
2-комнатная квартира,57.44 м²,"Астана, Нура р-н",SHYNGYS,2023,монолитный,20683000
3-комнатная квартира,90.9 м²,"Астана, Нура р-н",Four Seasons,2023,монолитный,53200000
1-комнатная квартира,41.2 м²,"Астана, Нура р-н",Respublika,2023,монолитный,16900000
3-комнатная квартира,92.13 м²,"Астана, Нура р-н",Four Seasons,2023,монолитный,53900000
4-комнатная квартира,128.3 м²,"Астана, Нура р-н",Respublika,2023,монолитный,64800000
3-комнатная квартира,89 м²,"Астана, Нура р-н",GreenLine.Asyl Mura Jubanov,2023,монолитный,67900000
2-комнатная квартира,62.35 м²,"Астана, Нура р-н",SHYNGYS,2023,монолитный,22422000
1-комнатная квартира,48.81 м²,"Астана, Нура р-н",Four Seasons,2023,монолитный,31700000
1-комнатная квартира,42.87 м²,"Астана, Нура р-н",Four Seasons,2023,монолитный,28700000
3-комнатная квартира,81.9 м²,"Астана, Нура р-н",Respublika,2023,монолитный,41400000
3-комнатная квартира,86.4 м²,"Астана, Нура р-н",Respublika,2023,монолитный,32800000
1-комнатная квартира,39 м²,"Астана, Алматы р-н",Жулдыз,2023,монолитный,18500000
1-комнатная квартира,52.5 м²,"Астана, Алматы р-н",Monaco Residence,2023,монолитный,34282500
3-комнатная квартира,94.5 м²,"Астана, Алматы р-н",Austria,2023,монолитный,60007500
1-комнатная квартира,43 м²,"Астана, Алматы р-н",INJU ANSAR,2023,монолитный,19780000
4-комнатная квартира,108 м²,"Астана, Алматы р-н",Grand Victoria,2023,монолитный,48600000
2-комнатная квартира,76.92 м²,"Астана, Алматы р-н",Golden Residence,2023,монолитный,44613600
1-комнатная квартира,49.86 м²,"Астана, Алматы р-н",Sunset Avenue,2023,монолитный,29916000
4-комнатная квартира,111.98 м²,"Астана, Алматы р-н",Golden Residence,2023,монолитный,78386000
2-комнатная квартира,61.02 м²,"Астана, Алматы р-н",Sunset Avenue,2023,монолитный,32340600
3-комнатная квартира,117.8 м²,"Астана, Алматы р-н",Monaco Residence,2023,монолитный,78101400
2-комнатная квартира,75.2 м²,"Астана, Алматы р-н",Grand Victoria,2023,монолитный,34216000
2-комнатная квартира,66 м²,"Астана, Алматы р-н",Austria,2023,монолитный,40590000
2-комнатная квартира,60 м²,"Астана, Алматы р-н",INJU ANSAR,2023,монолитный,27180000
3-комнатная квартира,76.37 м²,"Астана, Алматы р-н",Sardar city,2023,монолитный,27493200
2-комнатная квартира,75.61 м²,"Астана, Алматы р-н",Golden Residence,2023,монолитный,43853800
1-комнатная квартира,39.83 м²,"Астана, Алматы р-н",Sunset Avenue,2023,монолитный,23898000
2-комнатная квартира,66.86 м²,"Астана, Алматы р-н",Monaco Residence,2023,монолитный,42790400
3-комнатная квартира,95.1 м²,"Астана, Алматы р-н",Austria,2023,монолитный,58962000
3-комнатная квартира,86 м²,"Астана, Алматы р-н",INJU ANSAR,2023,монолитный,38700000
2-комнатная квартира,67.7 м²,"Астана, Алматы р-н",Grand Victoria,2023,монолитный,30803500
3-комнатная квартира,101.54 м²,"Астана, Алматы р-н",Sunset Avenue,2023,монолитный,52800800
5-комнатная квартира,198.2 м²,"Астана, Алматы р-н",Golden Residence,2023,монолитный,138740000
2-комнатная квартира,62.55 м²,"Астана, Алматы р-н",Zauzar,2023,монолитный,23000000
2-комнатная квартира,60.53 м²,"Астана, Алматы р-н",Sardar city,2023,монолитный,19974900
2-комнатная квартира,76.7 м²,"Астана, Алматы р-н",Austria,2023,монолитный,47170500
1-комнатная квартира,44.2 м²,"Астана, Алматы р-н",Grand Victoria,2023,монолитный,21879000
3-комнатная квартира,91.64 м²,"Астана, Алматы р-н",Golden Residence,2023,монолитный,53151200
4-комнатная квартира,135.5 м²,"Астана, Алматы р-н",Monaco Residence,2023,монолитный,92140000
2-комнатная квартира,48 м²,"Астана, Алматы р-н",INJU ANSAR,2023,монолитный,21744000
4-комнатная квартира,126.67 м²,"Астана, Алматы р-н",Monaco Residence,2023,монолитный,86135600
1-комнатная квартира,45.5 м²,"Астана, Алматы р-н",INJU ANSAR,2023,монолитный,20930000
2-комнатная квартира,63 м²,"Астана, Алматы р-н",Austria,2023,монолитный,39375000
3-комнатная квартира,90.3 м²,"Астана, Алматы р-н",Grand Victoria,2023,монолитный,39732000
1-комнатная квартира,39.19 м²,"Астана, Алматы р-н",Sardar city,2023,монолитный,13324600
3-комнатная квартира,90.1 м²,"Астана, Алматы р-н",Grand Victoria,2023,монолитный,39644000
1-комнатная квартира,37.87 м²,"Астана, Алматы р-н",Sardar city,2023,монолитный,12875800
1-комнатная квартира,39.4 м²,"Астана, Алматы р-н",INJU ANSAR,2023,монолитный,18124000
2-комнатная квартира,75.8 м²,"Астана, Алматы р-н",Grand Victoria,2023,монолитный,37142000
1-комнатная квартира,54 м²,"Астана, Алматы р-н",Austria,2023,монолитный,30240000
3-комнатная квартира,124.4 м²,"Астана, Алматы р-н",Monaco Residence,2023,монолитный,80113600
4-комнатная квартира,182.1 м²,"Астана, Алматы р-н",Austria,2023,монолитный,124920600
3-комнатная квартира,111.8 м²,"Астана, Алматы р-н",Monaco Residence,2023,монолитный,71999200
1-комнатная квартира,37.69 м²,"Астана, Алматы р-н",Sardar city,2023,монолитный,12814600
2-комнатная квартира,74.3 м²,"Астана, Алматы р-н",Monaco Residence,2023,монолитный,47577600
3-комнатная квартира,83.6 м²,"Астана, Алматы р-н",Austria,2023,монолитный,53086000
2-комнатная квартира,57.9 м²,"Астана, Алматы р-н",Atamura,2023,монолитный,19686000
2-комнатная квартира,65.62 м²,"Астана, Алматы р-н",Sardar city,2023,монолитный,21654600
1-комнатная квартира,55.93 м²,"Астана, Алматы р-н",Monaco Residence,2023,монолитный,36522290
2-комнатная квартира,71 м²,"Астана, Алматы р-н",INJU ANSAR,2023,монолитный,32163000
4-комнатная квартира,127.37 м²,"Астана, Алматы р-н",Golden Residence,2023,монолитный,89159000
2-комнатная квартира,57.59 м²,"Астана, Алматы р-н",Sardar city,2023,монолитный,19004700
2-комнатная квартира,57.2 м²,"Астана, Алматы р-н",Atamura,2023,монолитный,18304000
3-комнатная квартира,69.82 м²,"Астана, Алматы р-н",Амирель,2023,монолитный,18153200
1-комнатная квартира,39.21 м²,"Астана, Алматы р-н",Sardar city,2023,монолитный,13331400
3-комнатная квартира,94 м²,"Астана, Алматы р-н",Inju Promenade,2023,монолитный,42300000
2-комнатная квартира,51 м²,"Астана, Алматы р-н",Baitas,2023,монолитный,24900000
1-комнатная квартира,32.57 м²,"Астана, Алматы р-н",Сенатор Park,2023,монолитный,11300000
2-комнатная квартира,79.8 м²,"Астана, Алматы р-н",Monaco Residence,2023,монолитный,51072000
1-комнатная квартира,32.7 м²,"Астана, Алматы р-н",Сенатор Park,2023,монолитный,13500000
3-комнатная квартира,87.56 м²,"Астана, Алматы р-н",Golden Residence,2023,монолитный,50784800
2-комнатная квартира,61.95 м²,"Астана, Алматы р-н",Sunset Avenue,2023,монолитный,34692000
1-комнатная квартира,44 м²,"Астана, Алматы р-н",Saratan,2023,монолитный,15800000
1-комнатная квартира,42.3 м²,"Астана, Есильский р-н",Sat City,2023,монолитный,21522240
1-комнатная квартира,57.04 м²,"Астана, Есильский р-н",Landmark,2023,монолитный,34224000
1-комнатная квартира,52.8 м²,"Астана, Есильский р-н",Soho,2023,монолитный,28300800
3-комнатная квартира,102.8 м²,"Астана, Есильский р-н",Asylym,2023,монолитный,52942000
1-комнатная квартира,40.65 м²,"Астана, Есильский р-н",Besterek,2023,монолитный,18861600
2-комнатная квартира,48.55 м²,"Астана, Есильский р-н",Jetisu.Aqsu,2023,монолитный,17138150
3-комнатная квартира,102.41 м²,"Астана, Есильский р-н",GreenLine.Aqua Business,2023,монолитный,53458020
2-комнатная квартира,80.45 м²,"Астана, Есильский р-н",Garden View,2023,монолитный,64440450
3-комнатная квартира,150.59 м²,"Астана, Есильский р-н",Royal Expo Apartments,2023,монолитный,100895300
2-комнатная квартира,74.3 м²,"Астана, Есильский р-н",Бухар Жырау,2023,монолитный,31206000
2-комнатная квартира,86.5 м²,"Астана, Есильский р-н",Asylym Park 1,2023,монолитный,46277500
2-комнатная квартира,48.65 м²,"Астана, Есильский р-н",MoD.Standart,2023,монолитный,22476300
1-комнатная квартира,35 м²,"Астана, Есильский р-н",MoD.Standart,2023,монолитный,15999999
2-комнатная квартира,74.2 м²,"Астана, Есильский р-н",Бухар Жырау,2023,монолитный,31164000
1-комнатная квартира,43.95 м²,"Астана, Есильский р-н",Besterek,2023,монолитный,23838480
3-комнатная квартира,90.5 м²,"Астана, Есильский р-н",Grand Turan,2023,монолитный,48146000
2-комнатная квартира,57.98 м²,"Астана, Есильский р-н",GreenLine.Aqua Business,2023,монолитный,32294860
5-комнатная квартира,180.47 м²,"Астана, Есильский р-н",Garden View,2023,монолитный,156828430
3-комнатная квартира,84.33 м²,"Астана, Есильский р-н",MoD.Standart,2023,монолитный,32214060
2-комнатная квартира,73.5 м²,"Астана, Есильский р-н",Бухар Жырау,2023,монолитный,46000710
1-комнатная квартира,40 м²,"Астана, Есильский р-н",Besterek,2023,монолитный,23700000
4-комнатная квартира,182.3 м²,"Астана, Есильский р-н",Asylym Park 1,2023,монолитный,90785400
3-комнатная квартира,159.75 м²,"Астана, Есильский р-н",Royal Expo Apartments,2023,монолитный,110227500
3-комнатная квартира,96.9 м²,"Астана, Есильский р-н",Soho,2023,монолитный,53779500
3-комнатная квартира,100.11 м²,"Астана, Есильский р-н",Landmark,2023,монолитный,60066000
1-комнатная квартира,40.1 м²,"Астана, Есильский р-н",Sat City,2023,монолитный,20402880
3-комнатная квартира,144.09 м²,"Астана, Есильский р-н",Royal Expo Apartments,2023,монолитный,99422100
3-комнатная квартира,98.2 м²,"Астана, Есильский р-н",Бухар Жырау,2023,монолитный,41244000
3-комнатная квартира,99.38 м²,"Астана, Есильский р-н",Landmark,2023,монолитный,57640400
2-комнатная квартира,75.2 м²,"Астана, Есильский р-н",Soho,2023,монолитный,37600000
1-комнатная квартира,48 м²,"Астана, Есильский р-н",Hazar,2023,монолитный,20160000
3-комнатная квартира,75.51 м²,"Астана, Есильский р-н",GreenLine.Aqua Business,2023,монолитный,42814170
4-комнатная квартира,157.83 м²,"Астана, Есильский р-н",Garden View,2023,монолитный,125474850
2-комнатная квартира,74.5 м²,"Астана, Есильский р-н",Asylym,2023,монолитный,38740000
1-комнатная квартира,51.08 м²,"Астана, Есильский р-н",Athletic City,2023,монолитный,21836700
4-комнатная квартира,167.04 м²,"Астана, Есильский р-н",Royal Expo Apartments,2023,монолитный,111916800
2-комнатная квартира,79.4 м²,"Астана, Есильский р-н",Бухар Жырау,2023,монолитный,33348000
4-комнатная квартира,172.1 м²,"Астана, Есильский р-н",Asylym Park 1,2023,монолитный,85705800
3-комнатная квартира,133.27 м²,"Астана, Есильский р-н",Garden View,2023,монолитный,107149080
2-комнатная квартира,78.78 м²,"Астана, Есильский р-н",Landmark,2023,монолитный,48370920
2-комнатная квартира,65.9 м²,"Астана, Есильский р-н",Soho,2023,монолитный,32950000
1-комнатная квартира,42.61 м²,"Астана, Есильский р-н",Athletic City,2023,монолитный,20644545
3-комнатная квартира,89.2 м²,"Астана, Есильский р-н",Asylym Park 1,2023,монолитный,47276000
2-комнатная квартира,74.64 м²,"Астана, Есильский р-н",Landmark,2023,монолитный,45828960
2-комнатная квартира,53.15 м²,"Астана, Есильский р-н",GreenLine.Aqua Business,2023,монолитный,31464800
2-комнатная квартира,48.37 м²,"Астана, Есильский р-н",Besterek,2023,монолитный,26835676
3-комнатная квартира,129.73 м²,"Астана, Есильский р-н",Garden View,2023,монолитный,96519120
2-комнатная квартира,72.11 м²,"Астана, Есильский р-н",Landmark,2023,монолитный,44275540
1-комнатная квартира,40.65 м²,"Астана, Есильский р-н",Athletic City,2023,монолитный,20081100
1-комнатная квартира,52.2 м²,"Астана, Есильский р-н",Soho,2023,монолитный,27979200
1-комнатная квартира,41.34 м²,"Астана, Есильский р-н",MoD.Standart,2023,монолитный,16908060
1-комнатная квартира,34.36 м²,"Астана, Есильский р-н",MoD.Standart,2023,монолитный,17420520
2-комнатная квартира,61.89 м²,"Астана, Есильский р-н",Besterek,2023,монолитный,30179280
1-комнатная квартира,34.55 м²,"Астана, Есильский р-н",Jetisu.Aqsu,2023,монолитный,13163550
1-комнатная квартира,43.54 м²,"Астана, Есильский р-н",GreenLine.Aqua Business,2023,монолитный,23424520
1-комнатная квартира,41.72 м²,"Астана, Есильский р-н",Athletic City,2023,монолитный,18231640
2-комнатная квартира,95.61 м²,"Астана, Есильский р-н",Garden View,2023,монолитный,74002140
2-комнатная квартира,52.7 м²,"Астана, Есильский р-н",MoD.Standart,2023,монолитный,24242000
2-комнатная квартира,68.76 м²,"Астана, Есильский р-н",Landmark,2023,монолитный,42218640
1-комнатная квартира,51.7 м²,"Астана, Есильский р-н",Soho,2023,монолитный,27711200
3-комнатная квартира,81.32 м²,"Астана, Есильский р-н",Besterek,2023,монолитный,40407720
4-комнатная квартира,130.48 м²,"Астана, Есильский р-н",GreenLine.Aqua Business,2023,монолитный,77113680
3-комнатная квартира,85.15 м²,"Астана, Есильский р-н",Jetisu.Aqsu,2023,монолитный,29121300
1-комнатная квартира,52.1 м²,"Астана, Есильский р-н",Soho,2023,монолитный,27925600
2-комнатная квартира,64.4 м²,"Астана, Есильский р-н",Asylym Park 1,2023,монолитный,34454000
1-комнатная квартира,39.4 м²,"Астана, Есильский р-н",Sat City,2023,монолитный,20046720
2-комнатная квартира,70.26 м²,"Астана, Есильский р-н",Landmark,2023,монолитный,43139640
1-комнатная квартира,45.4 м²,"Астана, Есильский р-н",Asylym Park 1,2023,монолитный,24970000
4-комнатная квартира,120.16 м²,"Астана, Есильский р-н",Athletic City,2023,монолитный,57646760
1-комнатная квартира,44.91 м²,"Астана, Есильский р-н",Aiva,2023,монолитный,17964000
1-комнатная квартира,53.85 м²,"Астана, Есильский р-н",Landmark,2023,монолитный,34464000
4-комнатная квартира,115.7 м²,"Астана, Есильский р-н",Sat City,2023,монолитный,44289960
4-комнатная квартира,124.8 м²,"Астана, Есильский р-н",Grand Turan,2023,монолитный,65270400
2-комнатная квартира,48.75 м²,"Астана, Есильский р-н",Jetisu.Aqsu,2023,монолитный,16965000
3-комнатная квартира,108.79 м²,"Астана, Есильский р-н",GreenLine.Aqua Business,2023,монолитный,54068630
3-комнатная квартира,80.66 м²,"Астана, Есильский р-н",Garden View,2023,монолитный,63479420
1-комнатная квартира,41.8 м²,"Астана, Есильский р-н",Sat City,2023,монолитный,21267840
3-комнатная квартира,97.79 м²,"Астана, Есильский р-н",Athletic City,2023,монолитный,41145142
1-комнатная квартира,38 м²,"Астана, Есильский р-н",Gamma,2023,монолитный,24500000
3-комнатная квартира,99.41 м²,"Астана, Есильский р-н",Athletic City,2023,монолитный,41081182
2-комнатная квартира,57.1 м²,"Астана, Есильский р-н",GreenLine.Tokyo,2023,монолитный,35744600
2-комнатная квартира,52.63 м²,"Астана, Есильский р-н",Garden View,2023,монолитный,44735500
2-комнатная квартира,96.63 м²,"Астана, Есильский р-н",GreenLine.Aqua Business,2023,монолитный,50924010
2-комнатная квартира,73.58 м²,"Астана, Есильский р-н",Garden View,2023,монолитный,57245240
2-комнатная квартира,88.66 м²,"Астана, Есильский р-н",Landmark,2023,монолитный,52752700
3-комнатная квартира,91.04 м²,"Астана, Есильский р-н",Athletic City,2023,монолитный,38919600
5-комнатная квартира,191.91 м²,"Астана, Есильский р-н",Garden View,2023,монолитный,136256100
1-комнатная квартира,36.4 м²,"Астана, Есильский р-н",Syganak,2023,монолитный,16500000
3-комнатная квартира,95.23 м²,"Астана, Есильский р-н",Athletic City,2023,монолитный,35735057
2-комнатная квартира,69.87 м²,"Астана, Есильский р-н",GreenLine.Aqua Business,2023,монолитный,37520190
2-комнатная квартира,69.78 м²,"Астана, Есильский р-н",Athletic City,2023,монолитный,29656500
1-комнатная квартира,43 м²,"Астана, Есильский р-н",Capital Park. Flowers,2023,монолитный,21900000
1-комнатная квартира,47.4 м²,"Астана, Есильский р-н",Hazar,2023,монолитный,23500000
2-комнатная квартира,52 м²,"Астана, Есильский р-н",Atlant,2023,монолитный,39500000
2-комнатная квартира,49.42 м²,"Астана, Есильский р-н",MoD.Standart,2023,монолитный,20706980
2-комнатная квартира,74.2 м²,"Астана, Есильский р-н",Sat City,2023,монолитный,33835200
2-комнатная квартира,73.9 м²,"Астана, Есильский р-н",Asylym Park 1,2023,монолитный,39536500
3-комнатная квартира,161.6 м²,"Астана, Есильский р-н",Royal Expo Apartments,2023,монолитный,111504000
3-комнатная квартира,104.69 м²,"Астана, Есильский р-н",GreenLine.Aqua Business,2023,монолитный,55695080
1-комнатная квартира,39.4 м²,"Астана, Алматы р-н",Жулдыз,2022,монолитный,13790000
3-комнатная квартира,73.6 м²,"Астана, Алматы р-н",Dauletti Qalashyq,2025,монолитный,28704000
2-комнатная квартира,65.64 м²,"Астана, Алматы р-н",Muz Tau,2025,монолитный,22974000
1-комнатная квартира,30 м²,"Астана, Алматы р-н",Алтын Отау,2020,монолитный,11900000
2-комнатная квартира,57.81 м²,"Астана, Алматы р-н",Muz Tau,2025,монолитный,20233500
2-комнатная квартира,51 м²,"Астана, Алматы р-н",Жулдыз,2022,монолитный,17850000
2-комнатная квартира,65.53 м²,"Астана, Алматы р-н",Dauletti Qalashyq,2025,монолитный,26867300
3-комнатная квартира,77 м²,"Астана, Алматы р-н",Бастау,2019,монолитный,35000000
3-комнатная квартира,83.36 м²,"Астана, Алматы р-н",Muz Tau,2025,монолитный,29176000
2-комнатная квартира,61.9 м²,"Астана, Алматы р-н",Жулдыз,2022,монолитный,21665000
3-комнатная квартира,86.73 м²,"Астана, Алматы р-н",Dauletti Qalashyq,2025,монолитный,33824700
4-комнатная квартира,116 м²,"Астана, Алматы р-н",Бейбарыс,2020,монолитный,70000000
3-комнатная квартира,101.5 м²,"Астана, Алматы р-н",Алтын Гасыр,2009,иное,39000000
1-комнатная квартира,35 м²,"Астана, Алматы р-н",Достар-3,2012,монолитный,16200000
1-комнатная квартира,38.2 м²,"Астана, Алматы р-н",Достар-1,2008,кирпичный,15500000
3-комнатная квартира,71.1 м²,"Астана, Алматы р-н",Томирис,2020,монолитный,29500000
2-комнатная квартира,69.42 м²,"Астана, Алматы р-н",Dauletti Qalashyq,2025,монолитный,28462200
3-комнатная квартира,130 м²,"Астана, Алматы р-н",Хайвил Астана,2016,монолитный,78000000
2-комнатная квартира,67.56 м²,"Астана, Алматы р-н",Dauletti Qalashyq,2025,монолитный,27699600
2-комнатная квартира,67.1 м²,"Астана, Алматы р-н",Астана Меруерт,2017,монолитный,26900000
4-комнатная квартира,106 м²,"Астана, Алматы р-н",England,2017,кирпичный,79900000
2-комнатная квартира,64 м²,"Астана, Алматы р-н",Rahmet,2022,монолитный,26500000
2-комнатная квартира,59.29 м²,"Астана, Алматы р-н",Muz Tau,2025,монолитный,20751500
2-комнатная квартира,63 м²,"Астана, Алматы р-н",Евразия,2008,кирпичный,27000000
2-комнатная квартира,64.94 м²,"Астана, Алматы р-н",Dauletti Qalashyq,2025,монолитный,26625400
1-комнатная квартира,54.9 м²,"Астана, Алматы р-н",Austria,2022,монолитный,30195000
2-комнатная квартира,64.27 м²,"Астана, Алматы р-н",Dauletti Qalashyq,2025,монолитный,26350700
3-комнатная квартира,72.88 м²,"Астана, Алматы р-н",Muz Tau,2025,монолитный,25508000
2-комнатная квартира,48.3 м²,"Астана, Алматы р-н",Сенатор,2018,монолитный,25500000
2-комнатная квартира,55 м²,"Астана, Алматы р-н",Qazaq Eli Sairam,2022,кирпичный,25490000
2-комнатная квартира,48.21 м²,"Астана, Алматы р-н",Dauletti Qalashyq,2025,монолитный,19766100
2-комнатная квартира,48.53 м²,"Астана, Алматы р-н",Dauletti Qalashyq,2025,монолитный,19897300
2-комнатная квартира,51.59 м²,"Астана, Алматы р-н",Dauletti Qalashyq,2025,монолитный,21151900
2-комнатная квартира,44.33 м²,"Астана, Алматы р-н",Dauletti Qalashyq,2025,монолитный,18175300
2-комнатная квартира,61.3 м²,"Астана, Алматы р-н",Мирас,2006,иное,28500000
1-комнатная квартира,43.67 м²,"Астана, Алматы р-н",Dauletti Qalashyq,2025,монолитный,18123050
1-комнатная квартира,42.98 м²,"Астана, Алматы р-н",Dauletti Qalashyq,2025,монолитный,17621800
2-комнатная квартира,97.7 м²,"Астана, Алматы р-н",Мунар,2014,монолитный,30000000
4-комнатная квартира,166 м²,"Астана, Алматы р-н",Французский Квартал,2017,монолитный,76500000
1-комнатная квартира,20.1 м²,"Астана, Алматы р-н",Солнечный город,2011,монолитный,9600000
5-комнатная квартира,250 м²,"Астана, Алматы р-н",Хайвил Астана,2015,монолитный,175000000
2-комнатная квартира,62.2 м²,"Астана, Алматы р-н",НИПИ,2010,кирпичный,19990000
2-комнатная квартира,87 м²,"Астана, Алматы р-н",Аулие-Ата,2018,монолитный,44900000
2-комнатная квартира,48.1 м²,"Астана, Алматы р-н",Жануя,2014,монолитный,17500000
3-комнатная квартира,90 м²,"Астана, Алматы р-н",Сказочный мир,2010,кирпичный,44000000
1-комнатная квартира,25 м²,"Астана, Алматы р-н",Биик Шанырак,2019,монолитный,12000000
1-комнатная квартира,36.7 м²,"Астана, Алматы р-н",Кулан,2010,кирпичный,16999900
2-комнатная квартира,87 м²,"Астана, Алматы р-н",Гранд Астана Элит,2012,монолитный,38000000
2-комнатная квартира,51 м²,"Астана, Алматы р-н",Достар-3,2012,кирпичный,26000000
2-комнатная квартира,52 м²,"Астана, Алматы р-н",Highvill Ishim C,2021,монолитный,37900000
1-комнатная квартира,45 м²,"Астана, Алматы р-н",Bravo Family,2022,монолитный,25000000
4-комнатная квартира,140 м²,"Астана, Алматы р-н",Английский квартал,2014,монолитный,105000000
3-комнатная квартира,93 м²,"Астана, Алматы р-н",Саулет,2010,кирпичный,37500000
2-комнатная квартира,52 м²,"Астана, Алматы р-н",Достар-2,2011,кирпичный,18800000
2-комнатная квартира,78 м²,"Астана, Алматы р-н",Французский Квартал,2017,монолитный,37000000
2-комнатная квартира,38 м²,"Астана, Алматы р-н","Баскару 2, 3, 4, 5",2022,кирпичный,14500000
2-комнатная квартира,103 м²,"Астана, Алматы р-н",Теремок,2017,монолитный,36000000
2-комнатная квартира,65 м²,"Астана, Алматы р-н",Австрийский квартал,2019,монолитный,48500000
1-комнатная квартира,21 м²,"Астана, Алматы р-н",Восток,2022,кирпичный,9700000
3-комнатная квартира,85 м²,"Астана, Нура р-н",Sat City,2022,монолитный,45999999
2-комнатная квартира,49.07 м²,"Астана, Нура р-н",GreenLine.Astra,2025,монолитный,24044300
3-комнатная квартира,80.3 м²,"Астана, Нура р-н",Dauir,2025,кирпичный,32120000
1-комнатная квартира,45.2 м²,"Астана, Нура р-н",Aruna City,2022,монолитный,19888000
1-комнатная квартира,55 м²,"Астана, Сарыарка р-н",Махаббат-2,2010,монолитный,18999990
2-комнатная квартира,69.61 м²,"Астана, Нура р-н",Aruna City,2022,монолитный,29236200
2-комнатная квартира,63 м²,"Астана, Нура р-н",Q-Life,2022,монолитный,32500000
4-комнатная квартира,128.56 м²,"Астана, Нура р-н",GreenLine.Astra,2025,монолитный,56823520
2-комнатная квартира,56 м²,"Астана, Нура р-н",Астана,2022,кирпичный,16240000
1-комнатная квартира,30.57 м²,"Астана, Нура р-н",GreenLine.Astra,2025,монолитный,17547180
3-комнатная квартира,89 м²,"Астана, Нура р-н",Аркада,2020,кирпичный,58000000
3-комнатная квартира,72 м²,"Астана, Нура р-н",Экодом,2019,кирпичный,31000000
1-комнатная квартира,40 м²,"Астана, Сарыарка р-н",Целиноград 4,2022,монолитный,15600000
2-комнатная квартира,46.17 м²,"Астана, Нура р-н",GreenLine.Astra,2025,монолитный,24931800
1-комнатная квартира,33.5 м²,"Астана, Сарыарка р-н",Успех,2006,панельный,17000000
1-комнатная квартира,45 м²,"Астана, Нура р-н",Aruna City,2022,монолитный,19800000
3-комнатная квартира,78.43 м²,"Астана, Нура р-н",Dauir,2025,кирпичный,31372000
4-комнатная квартира,132 м²,"Астана, Сарыарка р-н",Целиноград 4,2022,монолитный,51480000
2-комнатная квартира,71.17 м²,"Астана, Нура р-н",Aruna City,2022,монолитный,29891400
1-комнатная квартира,43 м²,"Астана, р-н Байконур",Кампус,2014,кирпичный,18400000
2-комнатная квартира,69 м²,"Астана, Сарыарка р-н",Целиноград 4,2022,монолитный,26910000
3-комнатная квартира,93 м²,"Астана, Сарыарка р-н",Целиноград 4,2022,монолитный,36270000
1-комнатная квартира,54.86 м²,"Астана, Нура р-н",Aruna City,2022,монолитный,24138400
3-комнатная квартира,87.3 м²,"Астана, Нура р-н",SOUL PARK,2022,монолитный,52700000
1-комнатная квартира,50.8 м²,"Астана, Нура р-н",GreenLine.BI City Seoul,2018,монолитный,30200000
5-комнатная квартира,123.7 м²,"Астана, Нура р-н",GreenLine.Ару Кала,2022,кирпичный,100000000
3-комнатная квартира,89.89 м²,"Астана, Нура р-н",GreenLine.Astra,2025,монолитный,42697750
1-комнатная квартира,36 м²,"Астана, Нура р-н",Sat City,2022,монолитный,18900000
3-комнатная квартира,78.09 м²,"Астана, Нура р-н",GreenLine.Astra,2025,монолитный,40606800
3-комнатная квартира,78.04 м²,"Астана, Нура р-н",GreenLine.Astra,2025,монолитный,39020000
1-комнатная квартира,37 м²,"Астана, Сарыарка р-н",Жети Жол,2020,кирпичный,13799999
3-комнатная квартира,80.88 м²,"Астана, Нура р-н",GreenLine.Astra,2025,монолитный,35587200
2-комнатная квартира,79 м²,"Астана, Сарыарка р-н",Сана,2006,монолитный,34500000
3-комнатная квартира,55.6 м²,"Астана, Нура р-н",Aq-Didar,2022,монолитный,27400000
3-комнатная квартира,63 м²,"Астана, Нура р-н",Anisa,2022,монолитный,35500000
1-комнатная квартира,44 м²,"Астана, Сарыарка р-н",Ельтай,2009,кирпичный,24000000
1-комнатная квартира,44.7 м²,"Астана, Сарыарка р-н",Эмират,2016,монолитный,22500000
5-комнатная квартира,200 м²,"Астана, р-н Байконур",Мерей Интерконти,2007,монолитный,89999999
1-комнатная квартира,36 м²,"Астана, Сарыарка р-н",Жети Жол,2020,кирпичный,12999999
1-комнатная квартира,36.5 м²,"Астана, Нура р-н",Amsterdam,2019,кирпичный,20500000
2-комнатная квартира,60 м²,"Астана, Нура р-н",Меркурий 2,2017,кирпичный,23200000
1-комнатная квартира,34 м²,"Астана, Нура р-н",Dastur,2022,монолитный,21300000
2-комнатная квартира,62 м²,"Астана, Сарыарка р-н",Аль-Арка,2011,кирпичный,19000000
1-комнатная квартира,39 м²,"Астана, р-н Байконур",Эверест,2009,кирпичный,16700000
1-комнатная квартира,39 м²,"Астана, р-н Байконур",Жастар-3,2008,кирпичный,16800000
1-комнатная квартира,48 м²,"Астана, Нура р-н",Sport Towers,2021,монолитный,28000000
1-комнатная квартира,38.94 м²,"Астана, Есильский р-н",Поколение,2022,монолитный,23714460
3-комнатная квартира,68.8 м²,"Астана, Есильский р-н",Gold Land,2022,монолитный,25456000
3-комнатная квартира,101.27 м²,"Астана, Есильский р-н",NEXPO TREND,2025,монолитный,53265390
1-комнатная квартира,35.74 м²,"Астана, Есильский р-н",MARDAN,2025,кирпичный,9292400
3-комнатная квартира,89 м²,"Астана, Есильский р-н",Жагалау 3,2016,кирпичный,40400000
2-комнатная квартира,64.6 м²,"Астана, Есильский р-н",NEXPO TREND,2025,монолитный,35853000
2-комнатная квартира,55 м²,"Астана, Есильский р-н",Градокомплекс,2012,монолитный,29000000
1-комнатная квартира,39 м²,"Астана, Есильский р-н",Nova City,2018,панельный,18700000
3-комнатная квартира,120.4 м²,"Астана, Есильский р-н",Gold Land,2022,монолитный,44200000
1-комнатная квартира,34.65 м²,"Астана, Есильский р-н",Jetisu.Aqsu,2022,монолитный,14968800
3-комнатная квартира,106.39 м²,"Астана, Есильский р-н",Поколение,2022,монолитный,57450600
4-комнатная квартира,97.44 м²,"Астана, Есильский р-н",MARDAN,2025,кирпичный,25334400
2-комнатная квартира,64.8 м²,"Астана, Есильский р-н",NEXPO TREND,2025,монолитный,35964000
2-комнатная квартира,48.69 м²,"Астана, Есильский р-н",MARDAN,2025,кирпичный,12659400
3-комнатная квартира,111 м²,"Астана, Есильский р-н",Argento,2022,монолитный,79000000
2-комнатная квартира,82.22 м²,"Астана, Есильский р-н",Поколение,2022,монолитный,44809900
3-комнатная квартира,131 м²,"Астана, Есильский р-н",Нурсая,2009,монолитный,69900000
1-комнатная квартира,40.5 м²,"Астана, Есильский р-н",MARDAN,2025,кирпичный,10530000
3-комнатная квартира,130 м²,"Астана, Есильский р-н",Нурсая,2009,монолитный,71000000
5-комнатная квартира,150 м²,"Астана, Есильский р-н",Smart House,2018,кирпичный,87000000
2-комнатная квартира,41.65 м²,"Астана, Есильский р-н",Jetisu.Aqsu,2022,монолитный,15535450
2-комнатная квартира,49.1 м²,"Астана, Есильский р-н",Градокомплекс,2011,монолитный,23800000
3-комнатная квартира,75.13 м²,"Астана, Есильский р-н",Поколение,2022,монолитный,43500270
2-комнатная квартира,54 м²,"Астана, Есильский р-н",Табысты,2019,монолитный,22000000
5-комнатная квартира,180 м²,"Астана, Есильский р-н",Luxury Home,2020,кирпичный,170000000
1-комнатная квартира,34.99 м²,"Астана, Есильский р-н",MARDAN,2025,кирпичный,9097400
2-комнатная квартира,64.09 м²,"Астана, Есильский р-н",NEXPO TREND,2025,монолитный,35569950
4-комнатная квартира,105 м²,"Астана, Есильский р-н",Венский квартал,2018,кирпичный,75000000
1-комнатная квартира,42.25 м²,"Астана, Есильский р-н",Jetisu.Aqsu,2022,монолитный,15041000
4-комнатная квартира,108.58 м²,"Астана, Есильский р-н",Grand Turan,2025,монолитный,52335560
3-комнатная квартира,73.9 м²,"Астана, Есильский р-н",Gold Land,2022,монолитный,27343000
4-комнатная квартира,115 м²,"Астана, Есильский р-н",HOLLAND,2020,монолитный,82900000
4-комнатная квартира,138.28 м²,"Астана, Есильский р-н",Grand Turan,2025,монолитный,64991600
2-комнатная квартира,67.01 м²,"Астана, Есильский р-н",Поколение,2022,монолитный,39133840
2-комнатная квартира,76 м²,"Астана, Есильский р-н",GreenLine.Зеленый квартал,2018,монолитный,52000000
4-комнатная квартира,132.8 м²,"Астана, Есильский р-н",NEXPO TREND,2025,монолитный,67064000
1-комнатная квартира,32.81 м²,"Астана, Есильский р-н",MARDAN,2025,кирпичный,8530600
2-комнатная квартира,71.8 м²,"Астана, Есильский р-н",Gold Land,2022,монолитный,26566000
1-комнатная квартира,44 м²,"Астана, Есильский р-н",Авиценна,2007,монолитный,25900000
3-комнатная квартира,69.3 м²,"Астана, Есильский р-н",Gold Land,2022,монолитный,25495000
2-комнатная квартира,53.65 м²,"Астана, Есильский р-н",Поколение,2022,монолитный,33745850
3-комнатная квартира,78 м²,"Астана, Есильский р-н",Кулагер 2,2018,кирпичный,28499999
3-комнатная квартира,82.6 м²,"Астана, Есильский р-н",MARDAN,2025,кирпичный,21476000
3-комнатная квартира,85 м²,"Астана, Есильский р-н",Comfort Town,2015,кирпичный,49000000
3-комнатная квартира,109.7 м²,"Астана, Есильский р-н",NEXPO TREND,2025,монолитный,54959700
3-комнатная квартира,111 м²,"Астана, Есильский р-н",Научный,2020,монолитный,45000000
3-комнатная квартира,76.4 м²,"Астана, Есильский р-н",Поколение,2022,монолитный,42402000
1-комнатная квартира,39.11 м²,"Астана, Есильский р-н",MARDAN,2025,кирпичный,10168600
2-комнатная квартира,77.4 м²,"Астана, Есильский р-н",NEXPO TREND,2025,монолитный,41022000
2-комнатная квартира,71.64 м²,"Астана, Есильский р-н",NEXPO TREND,2025,монолитный,37754280
2-комнатная квартира,56.95 м²,"Астана, Есильский р-н",Поколение,2022,монолитный,33372700
3-комнатная квартира,90 м²,"Астана, Есильский р-н",Orynbor Towers,2018,монолитный,47500000
2-комнатная квартира,78.2 м²,"Астана, Есильский р-н",Esil Riverside,2020,монолитный,78500000
1-комнатная квартира,37.5 м²,"Астана, Есильский р-н",Саржайлау,2017,монолитный,18200000
3-комнатная квартира,82.1 м²,"Астана, Есильский р-н",Queens,2019,кирпичный,58600000
1-комнатная квартира,33.17 м²,"Астана, Есильский р-н",MARDAN,2025,кирпичный,8624200
4-комнатная квартира,143 м²,"Астана, Есильский р-н",Park Avenue,2019,монолитный,140000000
3-комнатная квартира,88 м²,"Астана, Есильский р-н",Queens,2019,кирпичный,59000000
1-комнатная квартира,41.88 м²,"Астана, Есильский р-н",Поколение,2022,монолитный,25504920
4-комнатная квартира,113.3 м²,"Астана, Есильский р-н",Sat City,2021,монолитный,43400000
3-комнатная квартира,94 м²,"Астана, Есильский р-н",Nova City,2018,монолитный,50000000
2-комнатная квартира,44.94 м²,"Астана, Есильский р-н",Поколение,2021,монолитный,29952510
1-комнатная квартира,36.6 м²,"Астана, Есильский р-н",Family Town,2016,кирпичный,16000000
5-комнатная квартира,265 м²,"Астана, Есильский р-н",Triumph Avenue,2019,кирпичный,158000000
1-комнатная квартира,40 м²,"Астана, Есильский р-н",Queens,2019,кирпичный,24400000
1-комнатная квартира,40 м²,"Астана, Есильский р-н",Sezim Qala,2019,монолитный,19900000
1-комнатная квартира,56 м²,"Астана, Есильский р-н",Жагалау 3,2016,кирпичный,17900000
2-комнатная квартира,52 м²,"Астана, Есильский р-н",Arman Qala,2016,кирпичный,26999999
2-комнатная квартира,56 м²,"Астана, Есильский р-н",Aq-Didar,2018,монолитный,25400000
2-комнатная квартира,63 м²,"Астана, Есильский р-н",Алатау,2009,монолитный,27800000
4-комнатная квартира,150 м²,"Астана, Есильский р-н",Нурсая Бонита,2010,кирпичный,91000000
3-комнатная квартира,96 м²,"Астана, Есильский р-н",Arman Qala,2016,кирпичный,55000000
3-комнатная квартира,82 м²,"Астана, Есильский р-н",Arman Qala,2014,кирпичный,37800000
3-комнатная квартира,88 м²,"Астана, Есильский р-н",Жагалау 3,2016,кирпичный,34900000
2-комнатная квартира,60 м²,"Астана, Алматы р-н",View Park Family,2022,монолитный,30900000
4-комнатная квартира,111.87 м²,"Астана, Алматы р-н",Muz Tau,2025,монолитный,39154500
3-комнатная квартира,104.3 м²,"Астана, Нура р-н",Agate,2022,монолитный,44849000
3-комнатная квартира,104.41 м²,"Астана, Есильский р-н",NEXPO TREND,2025,монолитный,58574010
3-комнатная квартира,70.93 м²,"Астана, Нура р-н",GreenLine.Astra,2025,монолитный,33691750
3-комнатная квартира,97 м²,"Астана, Алматы р-н",Хайвил Астана,2016,монолитный,69200000
5-комнатная квартира,182 м²,"Астана, Есильский р-н",Мисон,2011,монолитный,86500000
2-комнатная квартира,58.69 м²,"Астана, Есильский р-н",MARDAN,2025,кирпичный,14672500
1-комнатная квартира,48 м²,"Астана, Сарыарка р-н",Кенесары,2006,кирпичный,22999000
2-комнатная квартира,49.79 м²,"Астана, Нура р-н",GreenLine.Astra,2025,монолитный,25890000
2-комнатная квартира,56.6 м²,"Астана, Нура р-н",Астана,2022,кирпичный,16414000
2-комнатная квартира,50.35 м²,"Астана, Есильский р-н",Поколение,2022,монолитный,30713500
3-комнатная квартира,97 м²,"Астана, Нура р-н",Кулагер,2014,монолитный,43500000
4-комнатная квартира,135 м²,"Астана, Нура р-н",GreenLine.Flora,2025,монолитный,71034000
2-комнатная квартира,65.31 м²,"Астана, Нура р-н",GreenLine.Flora,2025,монолитный,35047000
3-комнатная квартира,82.11 м²,"Астана, Есильский р-н",Grand Turan,2025,монолитный,36210510
2-комнатная квартира,66.8 м²,"Астана, Есильский р-н",Sat City,2022,монолитный,30460800
